type,refit time,mae,rmse,r2
regressor,0.0020003318786621,1.1842378929335002e-15,2.7519201823675253e-15,1.0
regressor,0.0030188560485839844,1.1842378929335002e-15,2.7519201823675253e-15,1.0
